id,first_name,last_name,email
1,John,Doe,john.doe@example.com
2,Jane,Smith,jane.smith@example.com
3,Michael,Johnson,michael.johnson@example.com
4,Emily,Davis,emily.davis@example.com
5,David,Brown,david.brown@example.com
6,Linda,Wilson,linda.wilson@example.com
7,Robert,Taylor,robert.taylor@example.com
8,Susan,Anderson,susan.anderson@example.com
9,James,Thomas,james.thomas@example.com
10,Mary,Jackson,mary.jackson@example.com
11,William,White,william.white@example.com
12,Patricia,Harris,patricia.harris@example.com
13,Charles,Martin,charles.martin@example.com
14,Barbara,Thompson,barbara.thompson@example.com
15,Christopher,Garcia,christopher.garcia@example.com
16,Jennifer,Martinez,jennifer.martinez@example.com
17,Daniel,Robinson,daniel.robinson@example.com
18,Margaret,Clark,margaret.clark@example.com
19,Paul,Rodriguez,paul.rodriguez@example.com
20,Elizabeth,Lewis,elizabeth.lewis@example.com
